annotation_id,image_id,category_id,unified_category_name,bbox_w,bbox_h,area,iscrowd,has_segmentation
1,1,0,NORMAL,1024.0,1024.0,1048576,0,False
4,4,0,NORMAL,1024.0,1024.0,1048576,0,False
8,8,0,NORMAL,1024.0,1024.0,1048576,0,False
12,12,0,NORMAL,1024.0,1024.0,1048576,0,False
20,20,0,NORMAL,1024.0,1024.0,1048576,0,False
47,47,0,NORMAL,1024.0,1024.0,1048576,0,False
49,49,0,NORMAL,1024.0,1024.0,1048576,0,False
55,55,0,NORMAL,1024.0,1024.0,1048576,0,False
60,60,0,NORMAL,1024.0,1024.0,1048576,0,False
61,61,0,NORMAL,1024.0,1024.0,1048576,0,False
62,62,0,NORMAL,1024.0,1024.0,1048576,0,False
66,66,0,NORMAL,1024.0,1024.0,1048576,0,False
68,68,0,NORMAL,1024.0,1024.0,1048576,0,False
70,70,0,NORMAL,1024.0,1024.0,1048576,0,False
72,72,0,NORMAL,1024.0,1024.0,1048576,0,False
73,73,0,NORMAL,1024.0,1024.0,1048576,0,False
74,74,0,NORMAL,1024.0,1024.0,1048576,0,False
81,81,0,NORMAL,1024.0,1024.0,1048576,0,False
82,82,0,NORMAL,1024.0,1024.0,1048576,0,False
94,94,0,NORMAL,1024.0,1024.0,1048576,0,False
95,95,0,NORMAL,1024.0,1024.0,1048576,0,False
97,97,0,NORMAL,1024.0,1024.0,1048576,0,False
100,100,0,NORMAL,1024.0,1024.0,1048576,0,False
104,104,0,NORMAL,1024.0,1024.0,1048576,0,False
105,105,0,NORMAL,1024.0,1024.0,1048576,0,False
113,113,0,NORMAL,1024.0,1024.0,1048576,0,False
115,115,0,NORMAL,1024.0,1024.0,1048576,0,False
118,118,0,NORMAL,1024.0,1024.0,1048576,0,False
124,124,0,NORMAL,1024.0,1024.0,1048576,0,False
128,128,0,NORMAL,1024.0,1024.0,1048576,0,False
132,132,0,NORMAL,1024.0,1024.0,1048576,0,False
136,136,0,NORMAL,1024.0,1024.0,1048576,0,False
143,143,0,NORMAL,1024.0,1024.0,1048576,0,False
147,147,0,NORMAL,1024.0,1024.0,1048576,0,False
160,160,0,NORMAL,1024.0,1024.0,1048576,0,False
162,162,0,NORMAL,1024.0,1024.0,1048576,0,False
164,164,0,NORMAL,1024.0,1024.0,1048576,0,False
166,166,0,NORMAL,1024.0,1024.0,1048576,0,False
167,167,0,NORMAL,1024.0,1024.0,1048576,0,False
168,168,0,NORMAL,1024.0,1024.0,1048576,0,False
170,170,0,NORMAL,1024.0,1024.0,1048576,0,False
192,192,0,NORMAL,1024.0,1024.0,1048576,0,False
204,204,0,NORMAL,1024.0,1024.0,1048576,0,False
210,210,0,NORMAL,1024.0,1024.0,1048576,0,False
225,225,0,NORMAL,1024.0,1024.0,1048576,0,False
227,227,0,NORMAL,1024.0,1024.0,1048576,0,False
228,228,0,NORMAL,1024.0,1024.0,1048576,0,False
230,230,0,NORMAL,1024.0,1024.0,1048576,0,False
235,235,0,NORMAL,1024.0,1024.0,1048576,0,False
239,239,0,NORMAL,1024.0,1024.0,1048576,0,False
241,241,0,NORMAL,1024.0,1024.0,1048576,0,False
244,244,0,NORMAL,1024.0,1024.0,1048576,0,False
245,245,0,NORMAL,1024.0,1024.0,1048576,0,False
246,246,0,NORMAL,1024.0,1024.0,1048576,0,False
249,249,0,NORMAL,1024.0,1024.0,1048576,0,False
254,254,0,NORMAL,1024.0,1024.0,1048576,0,False
257,257,0,NORMAL,1024.0,1024.0,1048576,0,False
259,259,0,NORMAL,1024.0,1024.0,1048576,0,False
261,261,0,NORMAL,1024.0,1024.0,1048576,0,False
264,264,0,NORMAL,1024.0,1024.0,1048576,0,False
268,268,0,NORMAL,1024.0,1024.0,1048576,0,False
282,282,0,NORMAL,1024.0,1024.0,1048576,0,False
284,284,0,NORMAL,1000.0,1000.0,1000000,0,False
285,285,0,NORMAL,1000.0,1000.0,1000000,0,False
287,287,0,NORMAL,1000.0,1000.0,1000000,0,False
295,295,0,NORMAL,1000.0,1000.0,1000000,0,False
296,296,0,NORMAL,1000.0,1000.0,1000000,0,False
316,316,0,NORMAL,1000.0,1000.0,1000000,0,False
325,325,0,NORMAL,1000.0,1000.0,1000000,0,False
334,334,0,NORMAL,1000.0,1000.0,1000000,0,False
342,342,0,NORMAL,1000.0,1000.0,1000000,0,False
355,355,0,NORMAL,1000.0,1000.0,1000000,0,False
357,357,0,NORMAL,1000.0,1000.0,1000000,0,False
359,359,0,NORMAL,1000.0,1000.0,1000000,0,False
363,363,0,NORMAL,1000.0,1000.0,1000000,0,False
374,374,0,NORMAL,1000.0,1000.0,1000000,0,False
378,378,0,NORMAL,1000.0,1000.0,1000000,0,False
381,381,0,NORMAL,1000.0,1000.0,1000000,0,False
382,382,0,NORMAL,1000.0,1000.0,1000000,0,False
384,384,0,NORMAL,1000.0,1000.0,1000000,0,False
390,390,0,NORMAL,1000.0,1000.0,1000000,0,False
393,393,0,NORMAL,1000.0,1000.0,1000000,0,False
398,398,0,NORMAL,1000.0,1000.0,1000000,0,False
399,399,0,NORMAL,1000.0,1000.0,1000000,0,False
400,400,0,NORMAL,1000.0,1000.0,1000000,0,False
405,405,0,NORMAL,1000.0,1000.0,1000000,0,False
416,416,0,NORMAL,1000.0,1000.0,1000000,0,False
418,418,0,NORMAL,1000.0,1000.0,1000000,0,False
419,419,0,NORMAL,1000.0,1000.0,1000000,0,False
421,421,0,NORMAL,1000.0,1000.0,1000000,0,False
427,427,0,NORMAL,1000.0,1000.0,1000000,0,False
444,444,0,NORMAL,1000.0,1000.0,1000000,0,False
452,452,0,NORMAL,1000.0,1000.0,1000000,0,False
456,456,0,NORMAL,1000.0,1000.0,1000000,0,False
458,458,0,NORMAL,1000.0,1000.0,1000000,0,False
459,459,0,NORMAL,1000.0,1000.0,1000000,0,False
468,468,0,NORMAL,1000.0,1000.0,1000000,0,False
470,470,0,NORMAL,1000.0,1000.0,1000000,0,False
473,473,0,NORMAL,1000.0,1000.0,1000000,0,False
475,475,0,NORMAL,1000.0,1000.0,1000000,0,False
481,481,0,NORMAL,1000.0,1000.0,1000000,0,False
487,487,0,NORMAL,1000.0,1000.0,1000000,0,False
490,490,0,NORMAL,1000.0,1000.0,1000000,0,False
495,495,0,NORMAL,1000.0,1000.0,1000000,0,False
497,497,0,NORMAL,1000.0,1000.0,1000000,0,False
554,554,0,NORMAL,1000.0,1000.0,1000000,0,False
557,557,0,NORMAL,1000.0,1000.0,1000000,0,False
562,562,0,NORMAL,1000.0,1000.0,1000000,0,False
568,568,0,NORMAL,1000.0,1000.0,1000000,0,False
576,576,0,NORMAL,700.0,700.0,490000,0,False
597,597,0,NORMAL,700.0,700.0,490000,0,False
600,600,0,NORMAL,700.0,700.0,490000,0,False
602,602,0,NORMAL,700.0,700.0,490000,0,False
603,603,0,NORMAL,700.0,700.0,490000,0,False
608,608,0,NORMAL,700.0,700.0,490000,0,False
609,609,0,NORMAL,700.0,700.0,490000,0,False
615,615,0,NORMAL,700.0,700.0,490000,0,False
619,619,0,NORMAL,700.0,700.0,490000,0,False
620,620,0,NORMAL,700.0,700.0,490000,0,False
622,622,0,NORMAL,700.0,700.0,490000,0,False
623,623,0,NORMAL,700.0,700.0,490000,0,False
624,624,0,NORMAL,700.0,700.0,490000,0,False
637,637,0,NORMAL,700.0,700.0,490000,0,False
647,647,0,NORMAL,700.0,700.0,490000,0,False
648,648,0,NORMAL,700.0,700.0,490000,0,False
655,655,0,NORMAL,700.0,700.0,490000,0,False
659,659,0,NORMAL,700.0,700.0,490000,0,False
660,660,0,NORMAL,700.0,700.0,490000,0,False
667,667,0,NORMAL,700.0,700.0,490000,0,False
678,678,0,NORMAL,700.0,700.0,490000,0,False
690,690,0,NORMAL,700.0,700.0,490000,0,False
697,697,0,NORMAL,700.0,700.0,490000,0,False
700,700,0,NORMAL,700.0,700.0,490000,0,False
707,707,0,NORMAL,700.0,700.0,490000,0,False
711,711,0,NORMAL,700.0,700.0,490000,0,False
712,712,0,NORMAL,700.0,700.0,490000,0,False
713,713,0,NORMAL,700.0,700.0,490000,0,False
720,720,0,NORMAL,700.0,700.0,490000,0,False
722,722,0,NORMAL,700.0,700.0,490000,0,False
732,732,0,NORMAL,700.0,700.0,490000,0,False
734,734,0,NORMAL,700.0,700.0,490000,0,False
742,742,0,NORMAL,700.0,700.0,490000,0,False
743,743,0,NORMAL,700.0,700.0,490000,0,False
753,753,0,NORMAL,700.0,700.0,490000,0,False
755,755,0,NORMAL,700.0,700.0,490000,0,False
756,756,0,NORMAL,700.0,700.0,490000,0,False
761,761,0,NORMAL,700.0,700.0,490000,0,False
763,763,0,NORMAL,700.0,700.0,490000,0,False
771,771,0,NORMAL,700.0,700.0,490000,0,False
775,775,0,NORMAL,700.0,700.0,490000,0,False
778,778,0,NORMAL,700.0,700.0,490000,0,False
781,781,0,NORMAL,700.0,700.0,490000,0,False
787,787,0,NORMAL,700.0,700.0,490000,0,False
816,816,0,NORMAL,700.0,700.0,490000,0,False
818,818,0,NORMAL,700.0,700.0,490000,0,False
820,820,0,NORMAL,700.0,700.0,490000,0,False
826,826,0,NORMAL,700.0,700.0,490000,0,False
827,827,0,NORMAL,700.0,700.0,490000,0,False
1351,1351,0,NORMAL,1024.0,1024.0,1048576,0,False
1357,1357,0,NORMAL,1024.0,1024.0,1048576,0,False
1362,1362,0,NORMAL,1024.0,1024.0,1048576,0,False
1366,1366,0,NORMAL,1024.0,1024.0,1048576,0,False
1369,1369,0,NORMAL,1024.0,1024.0,1048576,0,False
1373,1373,0,NORMAL,1024.0,1024.0,1048576,0,False
1375,1375,0,NORMAL,1024.0,1024.0,1048576,0,False
1376,1376,0,NORMAL,1024.0,1024.0,1048576,0,False
1380,1380,0,NORMAL,1024.0,1024.0,1048576,0,False
1386,1386,0,NORMAL,1024.0,1024.0,1048576,0,False
1415,1415,0,NORMAL,1024.0,1024.0,1048576,0,False
1417,1417,0,NORMAL,1024.0,1024.0,1048576,0,False
1418,1418,0,NORMAL,1024.0,1024.0,1048576,0,False
1430,1430,0,NORMAL,1024.0,1024.0,1048576,0,False
1442,1442,0,NORMAL,1024.0,1024.0,1048576,0,False
1443,1443,0,NORMAL,1024.0,1024.0,1048576,0,False
1456,1456,0,NORMAL,1024.0,1024.0,1048576,0,False
1461,1461,0,NORMAL,1024.0,1024.0,1048576,0,False
1462,1462,0,NORMAL,1024.0,1024.0,1048576,0,False
1464,1464,0,NORMAL,1024.0,1024.0,1048576,0,False
1465,1465,0,NORMAL,1024.0,1024.0,1048576,0,False
1468,1468,0,NORMAL,1024.0,1024.0,1048576,0,False
1471,1471,0,NORMAL,1024.0,1024.0,1048576,0,False
1472,1472,0,NORMAL,1024.0,1024.0,1048576,0,False
1476,1476,0,NORMAL,1024.0,1024.0,1048576,0,False
1486,1486,0,NORMAL,1024.0,1024.0,1048576,0,False
1490,1490,0,NORMAL,1024.0,1024.0,1048576,0,False
1494,1494,0,NORMAL,1024.0,1024.0,1048576,0,False
1495,1495,0,NORMAL,1024.0,1024.0,1048576,0,False
1502,1502,0,NORMAL,1024.0,1024.0,1048576,0,False
1503,1503,0,NORMAL,1024.0,1024.0,1048576,0,False
1509,1509,0,NORMAL,1024.0,1024.0,1048576,0,False
1510,1510,0,NORMAL,1024.0,1024.0,1048576,0,False
1511,1511,0,NORMAL,1024.0,1024.0,1048576,0,False
1533,1533,0,NORMAL,1024.0,1024.0,1048576,0,False
1544,1544,0,NORMAL,1024.0,1024.0,1048576,0,False
1545,1545,0,NORMAL,1024.0,1024.0,1048576,0,False
1562,1562,0,NORMAL,1024.0,1024.0,1048576,0,False
1570,1570,0,NORMAL,1024.0,1024.0,1048576,0,False
1574,1574,0,NORMAL,1024.0,1024.0,1048576,0,False
1576,1576,0,NORMAL,1024.0,1024.0,1048576,0,False
1584,1584,0,NORMAL,1024.0,1024.0,1048576,0,False
1585,1585,0,NORMAL,1024.0,1024.0,1048576,0,False
1593,1593,0,NORMAL,1024.0,1024.0,1048576,0,False
1594,1594,0,NORMAL,1024.0,1024.0,1048576,0,False
1595,1595,0,NORMAL,1024.0,1024.0,1048576,0,False
1597,1597,0,NORMAL,1024.0,1024.0,1048576,0,False
1601,1601,0,NORMAL,1024.0,1024.0,1048576,0,False
1606,1606,0,NORMAL,1024.0,1024.0,1048576,0,False
1609,1609,0,NORMAL,1024.0,1024.0,1048576,0,False
1618,1618,0,NORMAL,1024.0,1024.0,1048576,0,False
1622,1622,0,NORMAL,1024.0,1024.0,1048576,0,False
215,215,1,DEFORMACIONES,1024.0,1024.0,1048576,0,False
217,217,1,DEFORMACIONES,1024.0,1024.0,1048576,0,False
219,219,1,DEFORMACIONES,1024.0,1024.0,1048576,0,False
221,221,1,DEFORMACIONES,1024.0,1024.0,1048576,0,False
223,223,1,DEFORMACIONES,1024.0,1024.0,1048576,0,False
837,837,1,DEFORMACIONES,700.0,700.0,490000,0,False
839,839,1,DEFORMACIONES,700.0,700.0,490000,0,False
842,842,1,DEFORMACIONES,700.0,700.0,490000,0,False
843,843,1,DEFORMACIONES,700.0,700.0,490000,0,False
844,844,1,DEFORMACIONES,700.0,700.0,490000,0,False
845,845,1,DEFORMACIONES,700.0,700.0,490000,0,False
846,846,1,DEFORMACIONES,700.0,700.0,490000,0,False
847,847,1,DEFORMACIONES,700.0,700.0,490000,0,False
848,848,1,DEFORMACIONES,700.0,700.0,490000,0,False
850,850,1,DEFORMACIONES,700.0,700.0,490000,0,False
851,851,1,DEFORMACIONES,700.0,700.0,490000,0,False
852,852,1,DEFORMACIONES,700.0,700.0,490000,0,False
855,855,1,DEFORMACIONES,700.0,700.0,490000,0,False
856,856,1,DEFORMACIONES,700.0,700.0,490000,0,False
857,857,1,DEFORMACIONES,700.0,700.0,490000,0,False
858,858,1,DEFORMACIONES,700.0,700.0,490000,0,False
1628,1628,1,DEFORMACIONES,1024.0,1024.0,1048576,0,False
1630,1630,1,DEFORMACIONES,1024.0,1024.0,1048576,0,False
1631,1631,1,DEFORMACIONES,1024.0,1024.0,1048576,0,False
1632,1632,1,DEFORMACIONES,1024.0,1024.0,1048576,0,False
1635,1635,1,DEFORMACIONES,1024.0,1024.0,1048576,0,False
1637,1637,1,DEFORMACIONES,1024.0,1024.0,1048576,0,False
1638,1638,1,DEFORMACIONES,1024.0,1024.0,1048576,0,False
1664,1646,1,DEFORMACIONES,23.0,8.0,146,0,True
1665,1646,1,DEFORMACIONES,14.0,15.0,116,0,True
1666,1646,1,DEFORMACIONES,15.0,14.0,77,0,True
1708,1657,1,DEFORMACIONES,14.0,30.0,396,0,True
1709,1657,1,DEFORMACIONES,34.0,19.0,598,0,True
1710,1657,1,DEFORMACIONES,34.0,14.0,450,0,True
1711,1657,1,DEFORMACIONES,11.0,32.0,341,0,True
1712,1657,1,DEFORMACIONES,37.0,19.0,661,0,True
1717,1659,1,DEFORMACIONES,94.0,34.0,1774,0,True
1718,1659,1,DEFORMACIONES,64.0,63.0,1458,0,True
1719,1659,1,DEFORMACIONES,59.0,23.0,1296,0,True
1720,1659,1,DEFORMACIONES,31.0,38.0,852,0,True
1721,1659,1,DEFORMACIONES,108.0,66.0,2262,0,True
1722,1660,1,DEFORMACIONES,34.0,37.0,1237,0,True
1723,1660,1,DEFORMACIONES,38.0,42.0,913,0,True
1724,1660,1,DEFORMACIONES,14.0,33.0,460,0,True
1730,1662,1,DEFORMACIONES,23.0,21.0,460,0,True
1731,1662,1,DEFORMACIONES,22.0,14.0,306,0,True
1732,1662,1,DEFORMACIONES,22.0,18.0,394,0,True
1733,1662,1,DEFORMACIONES,26.0,24.0,571,0,True
1734,1662,1,DEFORMACIONES,27.0,22.0,556,0,True
1763,1669,1,DEFORMACIONES,18.0,55.0,588,0,True
1764,1669,1,DEFORMACIONES,14.0,66.0,821,0,True
1765,1669,1,DEFORMACIONES,42.0,22.0,552,0,True
1766,1669,1,DEFORMACIONES,15.0,79.0,1108,0,True
1767,1669,1,DEFORMACIONES,106.0,11.0,1070,0,True
1792,1675,1,DEFORMACIONES,52.0,18.0,836,0,True
1793,1675,1,DEFORMACIONES,22.0,26.0,417,0,True
1794,1675,1,DEFORMACIONES,20.0,18.0,333,0,True
1795,1675,1,DEFORMACIONES,17.0,45.0,663,0,True
1796,1675,1,DEFORMACIONES,32.0,16.0,494,0,True
2126,1908,1,DEFORMACIONES,700.0,700.0,490000,0,False
2127,1909,1,DEFORMACIONES,700.0,700.0,490000,0,False
2129,1911,1,DEFORMACIONES,1024.0,1024.0,1048576,0,False
2135,1913,1,DEFORMACIONES,1024.0,1024.0,1048576,0,False
2136,1914,1,DEFORMACIONES,700.0,700.0,490000,0,False
2137,1915,1,DEFORMACIONES,700.0,700.0,490000,0,False
2138,1916,1,DEFORMACIONES,23.000017166137695,7.99994683265686,146,0,True
2139,1916,1,DEFORMACIONES,13.999947547912598,15.00001847743988,116,0,True
2140,1916,1,DEFORMACIONES,14.999995470046997,13.999954223632812,77,0,True
2141,1917,1,DEFORMACIONES,700.0,700.0,490000,0,False
2142,1918,1,DEFORMACIONES,1024.0,1024.0,1048576,0,False
2143,1919,1,DEFORMACIONES,700.0,700.0,490000,0,False
2144,1920,1,DEFORMACIONES,700.0,700.0,490000,0,False
2145,1921,1,DEFORMACIONES,700.0,700.0,490000,0,False
2146,1922,1,DEFORMACIONES,1024.0,1024.0,1048576,0,False
2148,1924,1,DEFORMACIONES,700.0,700.0,490000,0,False
2149,1925,1,DEFORMACIONES,700.0,700.0,490000,0,False
2151,1927,1,DEFORMACIONES,1024.0,1024.0,1048576,0,False
2152,1928,1,DEFORMACIONES,1024.0,1024.0,1048576,0,False
2153,1929,1,DEFORMACIONES,1024.0,1024.0,1048576,0,False
2154,1930,1,DEFORMACIONES,700.0,700.0,490000,0,False
2155,1931,1,DEFORMACIONES,700.0,700.0,490000,0,False
2156,1932,1,DEFORMACIONES,1024.0,1024.0,1048576,0,False
2159,1935,1,DEFORMACIONES,1024.0,1024.0,1048576,0,False
2160,1936,1,DEFORMACIONES,1024.0,1024.0,1048576,0,False
2166,1938,1,DEFORMACIONES,1024.0,1024.0,1048576,0,False
2168,1940,1,DEFORMACIONES,96.58212463166905,41.98043558650079,1774,0,True
2169,1940,1,DEFORMACIONES,69.1951601390806,68.28501433406916,1458,0,True
2170,1940,1,DEFORMACIONES,60.76383602841304,28.002851761747934,1296,0,True
2171,1940,1,DEFORMACIONES,34.16188084469752,40.532014516519666,852,0,True
2172,1940,1,DEFORMACIONES,113.28975361111566,75.06863567546065,2262,0,True
2173,1941,1,DEFORMACIONES,21.314861841206493,55.993819539874494,588,0,True
2174,1941,1,DEFORMACIONES,17.991865605327348,66.72983466168898,821,0,True
2175,1941,1,DEFORMACIONES,43.26149075816829,24.516150325884837,552,0,True
2176,1941,1,DEFORMACIONES,19.781445142703888,79.76665345262563,1108,0,True
2177,1941,1,DEFORMACIONES,106.47313982436503,17.43245534287871,1070,0,True
2180,1944,1,DEFORMACIONES,700.0,700.0,490000,0,False
2181,1945,1,DEFORMACIONES,1024.0,1024.0,1048576,0,False
2182,1946,1,DEFORMACIONES,700.0,700.0,490000,0,False
2183,1947,1,DEFORMACIONES,700.0,700.0,490000,0,False
2184,1948,1,DEFORMACIONES,1024.0,1024.0,1048576,0,False
2185,1949,1,DEFORMACIONES,700.0,700.0,490000,0,False
2187,1951,1,DEFORMACIONES,21.99997901916504,35.999994814395905,711,0,True
2188,1951,1,DEFORMACIONES,26.999911308288574,24.999986857175827,340,0,True
2189,1951,1,DEFORMACIONES,44.9999098777771,21.00002560019493,872,0,True
2190,1951,1,DEFORMACIONES,19.999988794326782,23.00000622868538,424,0,True
2191,1951,1,DEFORMACIONES,23.000017404556274,32.999966621398926,630,0,True
2192,1952,1,DEFORMACIONES,700.0,700.0,490000,0,False
2194,1954,1,DEFORMACIONES,34.000030517578125,36.99997651576996,1237,0,True
2195,1954,1,DEFORMACIONES,37.99998950958252,42.00001502037048,913,0,True
2196,1954,1,DEFORMACIONES,13.999932289123535,32.99998426437378,460,0,True
2197,1955,1,DEFORMACIONES,1024.0,1024.0,1048576,0,False
2205,1959,1,DEFORMACIONES,1024.0,1024.0,1048576,0,False
2206,1960,1,DEFORMACIONES,1024.0,1024.0,1048576,0,False
2207,1961,1,DEFORMACIONES,700.0,700.0,490000,0,False
2208,1962,1,DEFORMACIONES,700.0,700.0,490000,0,False
2209,1963,1,DEFORMACIONES,1024.0,1024.0,1048576,0,False
2210,1964,1,DEFORMACIONES,700.0,700.0,490000,0,False
2211,1965,1,DEFORMACIONES,700.0,700.0,490000,0,False
2213,1967,1,DEFORMACIONES,1024.0,1024.0,1048576,0,False
2219,1969,1,DEFORMACIONES,1024.0,1024.0,1048576,0,False
2220,1970,1,DEFORMACIONES,700.0,700.0,490000,0,False
2222,1972,1,DEFORMACIONES,23.285996319621518,8.863689675675914,146,0,True
2223,1972,1,DEFORMACIONES,14.55698079969386,15.518531598501795,116,0,True
2224,1972,1,DEFORMACIONES,15.51850885991405,14.556986600902633,77,0,True
2225,1973,1,DEFORMACIONES,700.0,700.0,490000,0,False
2226,1974,1,DEFORMACIONES,1024.0,1024.0,1048576,0,False
2227,1975,1,DEFORMACIONES,700.0,700.0,490000,0,False
2228,1976,1,DEFORMACIONES,700.0,700.0,490000,0,False
2229,1977,1,DEFORMACIONES,700.0,700.0,490000,0,False
2230,1978,1,DEFORMACIONES,1024.0,1024.0,1048576,0,False
2231,1979,1,DEFORMACIONES,700.0,700.0,490000,0,False
2232,1980,1,DEFORMACIONES,700.0,700.0,490000,0,False
2233,1981,1,DEFORMACIONES,700.0,700.0,490000,0,False
2234,1982,1,DEFORMACIONES,1024.0,1024.0,1048576,0,False
2235,1983,1,DEFORMACIONES,1024.0,1024.0,1048576,0,False
2236,1984,1,DEFORMACIONES,1024.0,1024.0,1048576,0,False
505,505,2,ROTURA_FRACTURA,1000.0,1000.0,1000000,0,False
506,506,2,ROTURA_FRACTURA,1000.0,1000.0,1000000,0,False
509,509,2,ROTURA_FRACTURA,1000.0,1000.0,1000000,0,False
510,510,2,ROTURA_FRACTURA,1000.0,1000.0,1000000,0,False
512,512,2,ROTURA_FRACTURA,1000.0,1000.0,1000000,0,False
513,513,2,ROTURA_FRACTURA,1000.0,1000.0,1000000,0,False
515,515,2,ROTURA_FRACTURA,1000.0,1000.0,1000000,0,False
517,517,2,ROTURA_FRACTURA,1000.0,1000.0,1000000,0,False
518,518,2,ROTURA_FRACTURA,1000.0,1000.0,1000000,0,False
519,519,2,ROTURA_FRACTURA,1000.0,1000.0,1000000,0,False
520,520,2,ROTURA_FRACTURA,1000.0,1000.0,1000000,0,False
521,521,2,ROTURA_FRACTURA,1000.0,1000.0,1000000,0,False
522,522,2,ROTURA_FRACTURA,1000.0,1000.0,1000000,0,False
525,525,2,ROTURA_FRACTURA,1000.0,1000.0,1000000,0,False
1970,1786,2,ROTURA_FRACTURA,51.0,38.0,1189,0,True
1971,1786,2,ROTURA_FRACTURA,108.0,38.0,1836,0,True
1972,1787,2,ROTURA_FRACTURA,79.0,18.0,741,0,True
1973,1787,2,ROTURA_FRACTURA,92.0,28.0,1012,0,True
1976,1789,2,ROTURA_FRACTURA,102.0,25.0,945,0,True
1977,1789,2,ROTURA_FRACTURA,104.0,38.0,1323,0,True
1978,1789,2,ROTURA_FRACTURA,89.0,20.0,808,0,True
1979,1789,2,ROTURA_FRACTURA,126.0,36.0,1482,0,True
1980,1790,2,ROTURA_FRACTURA,142.0,145.0,2171,0,True
1981,1791,2,ROTURA_FRACTURA,95.0,75.0,2910,0,True
1983,1793,2,ROTURA_FRACTURA,26.0,21.0,170,0,True
1984,1793,2,ROTURA_FRACTURA,46.0,46.0,1132,0,True
1985,1794,2,ROTURA_FRACTURA,35.0,191.0,3138,0,True
1987,1796,2,ROTURA_FRACTURA,255.0,190.0,22928,0,True
1988,1797,2,ROTURA_FRACTURA,800.0,354.0,33649,0,True
1992,1801,2,ROTURA_FRACTURA,122.0,106.0,1602,0,True
2001,1804,2,ROTURA_FRACTURA,75.0,72.0,2579,0,True
2002,1805,2,ROTURA_FRACTURA,78.0,30.0,770,0,True
2003,1806,2,ROTURA_FRACTURA,100.0,80.0,1160,0,True
2004,1807,2,ROTURA_FRACTURA,25.0,207.0,3633,0,True
2006,1809,2,ROTURA_FRACTURA,28.0,28.0,228,0,True
2008,1811,2,ROTURA_FRACTURA,24.0,227.0,3610,0,True
2009,1812,2,ROTURA_FRACTURA,386.0,58.0,6761,0,True
2011,1814,2,ROTURA_FRACTURA,306.0,117.0,5105,0,True
2012,1815,2,ROTURA_FRACTURA,306.0,52.0,3883,0,True
2013,1816,2,ROTURA_FRACTURA,217.0,39.0,2317,0,True
2014,1817,2,ROTURA_FRACTURA,88.0,23.0,951,0,True
2015,1817,2,ROTURA_FRACTURA,117.0,35.0,1116,0,True
2016,1818,2,ROTURA_FRACTURA,123.0,110.0,1383,0,True
2017,1819,2,ROTURA_FRACTURA,393.0,68.0,10483,0,True
2018,1819,2,ROTURA_FRACTURA,332.0,31.0,3026,0,True
2019,1820,2,ROTURA_FRACTURA,158.0,53.0,2551,0,True
2020,1821,2,ROTURA_FRACTURA,122.0,158.0,1800,0,True
2021,1822,2,ROTURA_FRACTURA,14.0,102.0,1078,0,True
2031,1825,2,ROTURA_FRACTURA,66.0,87.0,948,0,True
2032,1826,2,ROTURA_FRACTURA,63.0,245.0,2627,0,True
2033,1827,2,ROTURA_FRACTURA,159.0,47.0,1501,0,True
2034,1828,2,ROTURA_FRACTURA,218.0,45.0,3320,0,True
2036,1830,2,ROTURA_FRACTURA,56.0,133.0,2728,0,True
2037,1831,2,ROTURA_FRACTURA,353.0,59.0,5312,0,True
2038,1832,2,ROTURA_FRACTURA,41.0,401.0,7344,0,True
2039,1833,2,ROTURA_FRACTURA,62.0,244.0,2585,0,True
2040,1834,2,ROTURA_FRACTURA,28.0,227.0,3965,0,True
2041,1835,2,ROTURA_FRACTURA,20.0,51.0,690,0,True
2042,1835,2,ROTURA_FRACTURA,42.0,280.0,4667,0,True
2043,1836,2,ROTURA_FRACTURA,428.0,71.0,7941,0,True
2044,1837,2,ROTURA_FRACTURA,73.0,40.0,734,0,True
2045,1838,2,ROTURA_FRACTURA,18.0,109.0,1173,0,True
2046,1839,2,ROTURA_FRACTURA,664.0,365.0,52860,0,True
2047,1840,2,ROTURA_FRACTURA,126.0,84.0,1763,0,True
2050,1843,2,ROTURA_FRACTURA,195.0,62.0,2760,0,True
2051,1843,2,ROTURA_FRACTURA,114.0,57.0,2019,0,True
2052,1843,2,ROTURA_FRACTURA,422.0,158.0,13381,0,True
2053,1843,2,ROTURA_FRACTURA,114.0,57.0,2019,0,True
2054,1843,2,ROTURA_FRACTURA,422.0,158.0,13381,0,True
2055,1843,2,ROTURA_FRACTURA,195.0,62.0,2760,0,True
2056,1843,2,ROTURA_FRACTURA,276.0,124.0,7321,0,True
2057,1843,2,ROTURA_FRACTURA,422.0,158.0,13381,0,True
2058,1843,2,ROTURA_FRACTURA,232.0,132.0,4780,0,True
2059,1844,2,ROTURA_FRACTURA,261.0,54.0,3312,0,True
2060,1845,2,ROTURA_FRACTURA,77.0,53.0,2038,0,True
2061,1846,2,ROTURA_FRACTURA,244.0,55.0,3501,0,True
2062,1847,2,ROTURA_FRACTURA,620.0,234.0,29859,0,True
2063,1848,2,ROTURA_FRACTURA,147.0,101.0,1763,0,True
2065,1850,2,ROTURA_FRACTURA,285.0,57.0,3522,0,True
2066,1851,2,ROTURA_FRACTURA,97.0,32.0,936,0,True
2067,1852,2,ROTURA_FRACTURA,163.0,130.0,2610,0,True
2069,1854,2,ROTURA_FRACTURA,441.0,72.0,8570,0,True
2070,1855,2,ROTURA_FRACTURA,321.0,65.0,5797,0,True
2071,1856,2,ROTURA_FRACTURA,321.0,61.0,5490,0,True
2072,1857,2,ROTURA_FRACTURA,40.0,117.0,1413,0,True
2073,1858,2,ROTURA_FRACTURA,147.0,35.0,1872,0,True
2075,1860,2,ROTURA_FRACTURA,27.0,67.0,684,0,True
2076,1861,2,ROTURA_FRACTURA,104.0,65.0,1291,0,True
2077,1862,2,ROTURA_FRACTURA,40.0,345.0,5436,0,True
2079,1864,2,ROTURA_FRACTURA,44.0,239.0,3345,0,True
2080,1865,2,ROTURA_FRACTURA,455.0,71.0,8938,0,True
2081,1866,2,ROTURA_FRACTURA,439.0,77.0,9363,0,True
2082,1867,2,ROTURA_FRACTURA,62.0,61.0,772,0,True
2083,1868,2,ROTURA_FRACTURA,15.0,36.0,260,0,True
2085,1870,2,ROTURA_FRACTURA,432.0,66.0,8338,0,True
2087,1872,2,ROTURA_FRACTURA,81.0,28.0,1032,0,True
2088,1873,2,ROTURA_FRACTURA,304.0,80.0,6366,0,True
2093,1876,2,ROTURA_FRACTURA,164.0,151.0,4046,0,True
2094,1877,2,ROTURA_FRACTURA,415.0,66.0,7880,0,True
2095,1878,2,ROTURA_FRACTURA,404.0,89.0,11341,0,True
2096,1879,2,ROTURA_FRACTURA,323.0,80.0,5056,0,True
2097,1880,2,ROTURA_FRACTURA,219.0,63.0,3634,0,True
2237,1985,2,ROTURA_FRACTURA,1000.0,1000.0,1000000,0,False
2238,1986,2,ROTURA_FRACTURA,1000.0,1000.0,1000000,0,False
2239,1987,2,ROTURA_FRACTURA,389.41192958907186,88.82351736275515,6761,0,True
2240,1988,2,ROTURA_FRACTURA,621.2243541672661,237.26350679843821,29859,0,True
2241,1989,2,ROTURA_FRACTURA,324.2454146968769,85.18685770138657,5056,0,True
2242,1990,2,ROTURA_FRACTURA,1000.0,1000.0,1000000,0,False
2244,1992,2,ROTURA_FRACTURA,13.999900817871094,102.00001001358032,1078,0,True
2246,1994,2,ROTURA_FRACTURA,61.04372800414785,241.54200474162064,3345,0,True
2249,1997,2,ROTURA_FRACTURA,24.57837648695613,109.89110686177418,1173,0,True
2250,1998,2,ROTURA_FRACTURA,62.99995422363281,244.9999988079071,2627,0,True
2252,2000,2,ROTURA_FRACTURA,101.34175597612375,81.68372466298854,1160,0,True
2256,2004,2,ROTURA_FRACTURA,1000.0,1000.0,1000000,0,False
2257,2005,2,ROTURA_FRACTURA,103.9999008178711,65.00000953674316,1291,0,True
2258,2006,2,ROTURA_FRACTURA,226.6246440073869,59.93839513399257,2866,0,True
2259,2006,2,ROTURA_FRACTURA,663.9900018477397,192.4796022643318,31796,0,True
2260,2007,2,ROTURA_FRACTURA,88.00003576278687,22.99999237060547,951,0,True
2261,2007,2,ROTURA_FRACTURA,116.99997520446777,34.99998092651367,1116,0,True
2263,2009,2,ROTURA_FRACTURA,304.0000276565552,79.99999523162842,6366,0,True
2264,2010,2,ROTURA_FRACTURA,339.0000286102295,81.00000858306885,6891,0,True
2265,2011,2,ROTURA_FRACTURA,1000.0,1000.0,1000000,0,False
2266,2012,2,ROTURA_FRACTURA,29.26179311329065,227.49583998992108,3610,0,True
2267,2013,2,ROTURA_FRACTURA,102.4096101514541,83.31727434981286,1420,0,True
2268,2014,2,ROTURA_FRACTURA,392.9999647140503,67.9999857544899,10483,0,True
2269,2014,2,ROTURA_FRACTURA,331.99996995925903,31.000004053115845,3026,0,True
2270,2015,2,ROTURA_FRACTURA,859.8817139110685,270.3758003398753,51466,0,True
2272,2017,2,ROTURA_FRACTURA,1000.0,1000.0,1000000,0,False
2273,2018,2,ROTURA_FRACTURA,324.0000066757202,58.00000190734863,5615,0,True
2274,2019,2,ROTURA_FRACTURA,28.000030517578125,28.000009059906006,228,0,True
2275,2020,2,ROTURA_FRACTURA,39.999961853027344,345.0000196695328,5436,0,True
2276,2021,2,ROTURA_FRACTURA,455.0000123977661,71.00000381469727,8938,0,True
2278,2023,2,ROTURA_FRACTURA,15.0,35.99999785423279,260,0,True
2279,2024,2,ROTURA_FRACTURA,422.8731248031747,98.90956560293691,7914,0,True
2281,2026,2,ROTURA_FRACTURA,77.99997091293335,30.0,770,0,True
2282,2027,2,ROTURA_FRACTURA,1000.0,1000.0,1000000,0,False
2283,2028,2,ROTURA_FRACTURA,244.5714644149578,57.59332164419504,3501,0,True
2292,2031,2,ROTURA_FRACTURA,222.756286624395,77.65341312425775,3634,0,True
526,526,3,RAYONES_ARANAZOS,1000.0,1000.0,1000000,0,False
528,528,3,RAYONES_ARANAZOS,1000.0,1000.0,1000000,0,False
529,529,3,RAYONES_ARANAZOS,1000.0,1000.0,1000000,0,False
532,532,3,RAYONES_ARANAZOS,1000.0,1000.0,1000000,0,False
533,533,3,RAYONES_ARANAZOS,1000.0,1000.0,1000000,0,False
534,534,3,RAYONES_ARANAZOS,1000.0,1000.0,1000000,0,False
536,536,3,RAYONES_ARANAZOS,1000.0,1000.0,1000000,0,False
537,537,3,RAYONES_ARANAZOS,1000.0,1000.0,1000000,0,False
539,539,3,RAYONES_ARANAZOS,1000.0,1000.0,1000000,0,False
540,540,3,RAYONES_ARANAZOS,1000.0,1000.0,1000000,0,False
541,541,3,RAYONES_ARANAZOS,1000.0,1000.0,1000000,0,False
544,544,3,RAYONES_ARANAZOS,1000.0,1000.0,1000000,0,False
545,545,3,RAYONES_ARANAZOS,1000.0,1000.0,1000000,0,False
546,546,3,RAYONES_ARANAZOS,1000.0,1000.0,1000000,0,False
547,547,3,RAYONES_ARANAZOS,1000.0,1000.0,1000000,0,False
548,548,3,RAYONES_ARANAZOS,1000.0,1000.0,1000000,0,False
792,792,3,RAYONES_ARANAZOS,700.0,700.0,490000,0,False
794,794,3,RAYONES_ARANAZOS,700.0,700.0,490000,0,False
796,796,3,RAYONES_ARANAZOS,700.0,700.0,490000,0,False
799,799,3,RAYONES_ARANAZOS,700.0,700.0,490000,0,False
800,800,3,RAYONES_ARANAZOS,700.0,700.0,490000,0,False
802,802,3,RAYONES_ARANAZOS,700.0,700.0,490000,0,False
804,804,3,RAYONES_ARANAZOS,700.0,700.0,490000,0,False
805,805,3,RAYONES_ARANAZOS,700.0,700.0,490000,0,False
806,806,3,RAYONES_ARANAZOS,700.0,700.0,490000,0,False
807,807,3,RAYONES_ARANAZOS,700.0,700.0,490000,0,False
808,808,3,RAYONES_ARANAZOS,700.0,700.0,490000,0,False
809,809,3,RAYONES_ARANAZOS,700.0,700.0,490000,0,False
810,810,3,RAYONES_ARANAZOS,700.0,700.0,490000,0,False
811,811,3,RAYONES_ARANAZOS,700.0,700.0,490000,0,False
812,812,3,RAYONES_ARANAZOS,700.0,700.0,490000,0,False
1851,1688,3,RAYONES_ARANAZOS,1170.0,460.0,13542,0,True
1853,1690,3,RAYONES_ARANAZOS,119.0,98.0,1957,0,True
1855,1692,3,RAYONES_ARANAZOS,214.0,470.0,17328,0,True
1858,1694,3,RAYONES_ARANAZOS,1080.0,124.0,9744,0,True
1863,1698,3,RAYONES_ARANAZOS,38.0,23.0,418,0,True
1864,1699,3,RAYONES_ARANAZOS,404.0,34.0,4672,0,True
1865,1700,3,RAYONES_ARANAZOS,1530.0,117.0,29124,0,True
1868,1703,3,RAYONES_ARANAZOS,10.0,45.0,243,0,True
1869,1704,3,RAYONES_ARANAZOS,34.0,187.0,3842,0,True
1872,1706,3,RAYONES_ARANAZOS,53.0,54.0,1412,0,True
1884,1714,3,RAYONES_ARANAZOS,71.0,252.0,4287,0,True
1892,1721,3,RAYONES_ARANAZOS,175.0,325.0,3965,0,True
1894,1723,3,RAYONES_ARANAZOS,20.0,24.0,297,0,True
1896,1725,3,RAYONES_ARANAZOS,33.0,78.0,605,0,True
1899,1727,3,RAYONES_ARANAZOS,331.0,108.0,13825,0,True
1900,1727,3,RAYONES_ARANAZOS,331.0,108.0,13825,0,True
1904,1730,3,RAYONES_ARANAZOS,164.0,1513.0,78703,0,True
1906,1732,3,RAYONES_ARANAZOS,148.0,122.0,2301,0,True
1907,1733,3,RAYONES_ARANAZOS,36.0,239.0,4203,0,True
1908,1733,3,RAYONES_ARANAZOS,51.0,76.0,3297,0,True
1913,1737,3,RAYONES_ARANAZOS,127.0,245.0,3586,0,True
1914,1738,3,RAYONES_ARANAZOS,30.0,203.0,1979,0,True
1916,1740,3,RAYONES_ARANAZOS,96.0,85.0,971,0,True
1923,1746,3,RAYONES_ARANAZOS,68.0,11.0,612,0,True
1924,1746,3,RAYONES_ARANAZOS,147.0,31.0,1329,0,True
1925,1747,3,RAYONES_ARANAZOS,84.0,18.0,1250,0,True
1928,1750,3,RAYONES_ARANAZOS,47.0,50.0,1415,0,True
1931,1753,3,RAYONES_ARANAZOS,152.0,73.0,3651,0,True
1932,1754,3,RAYONES_ARANAZOS,88.0,107.0,1977,0,True
1933,1755,3,RAYONES_ARANAZOS,338.0,232.0,4312,0,True
1938,1760,3,RAYONES_ARANAZOS,28.0,160.0,3137,0,True
1939,1761,3,RAYONES_ARANAZOS,25.0,118.0,1306,0,True
1941,1763,3,RAYONES_ARANAZOS,226.0,101.0,981,0,True
1942,1763,3,RAYONES_ARANAZOS,159.0,54.0,3826,0,True
1943,1764,3,RAYONES_ARANAZOS,363.0,505.0,7689,0,True
1944,1765,3,RAYONES_ARANAZOS,14.0,22.0,213,0,True
1946,1767,3,RAYONES_ARANAZOS,101.0,73.0,1073,0,True
1950,1770,3,RAYONES_ARANAZOS,1504.0,138.0,13813,0,True
1960,1779,5,CONTAMINACION,1124.0,384.0,251587,0,True
1961,1779,3,RAYONES_ARANAZOS,15.0,76.0,796,0,True
1962,1779,5,CONTAMINACION,867.0,78.0,12383,0,True
1963,1779,5,CONTAMINACION,222.0,36.0,800,0,True
1966,1782,3,RAYONES_ARANAZOS,78.0,23.0,782,0,True
1967,1783,3,RAYONES_ARANAZOS,110.0,590.0,4633,0,True
2298,2037,3,RAYONES_ARANAZOS,1000.0,1000.0,1000000,0,False
2299,2038,3,RAYONES_ARANAZOS,91.63876068254103,109.97194176406697,1977,0,True
2300,2039,3,RAYONES_ARANAZOS,1530.0,117.00003576278687,29124,0,True
2301,2040,3,RAYONES_ARANAZOS,700.0,700.0,490000,0,False
2304,2043,3,RAYONES_ARANAZOS,25.000076293945312,117.999995470047,1306,0,True
2306,2045,3,RAYONES_ARANAZOS,1836.5231058240597,130.37337187701382,15495,0,True
2307,2046,3,RAYONES_ARANAZOS,1000.0,1000.0,1000000,0,False
2310,2048,3,RAYONES_ARANAZOS,700.0,700.0,490000,0,False
2311,2049,3,RAYONES_ARANAZOS,1000.0,1000.0,1000000,0,False
2312,2050,3,RAYONES_ARANAZOS,700.0,700.0,490000,0,False
2313,2051,3,RAYONES_ARANAZOS,700.0,700.0,490000,0,False
2314,2052,3,RAYONES_ARANAZOS,1000.0,1000.0,1000000,0,False
2315,2053,3,RAYONES_ARANAZOS,225.99998474121094,57.999956130981445,4311,0,True
2320,2055,3,RAYONES_ARANAZOS,213.99993896484375,470.0,17328,0,True
2322,2057,3,RAYONES_ARANAZOS,700.0,700.0,490000,0,False
2324,2059,3,RAYONES_ARANAZOS,33.99993896484375,48.99999117851257,403,0,True
2326,2061,3,RAYONES_ARANAZOS,700.0,700.0,490000,0,False
2329,2064,3,RAYONES_ARANAZOS,32.99995422363281,77.9999692440033,605,0,True
2331,2066,3,RAYONES_ARANAZOS,1000.0,1000.0,1000000,0,False
2334,2069,3,RAYONES_ARANAZOS,1000.0,1000.0,1000000,0,False
2336,2071,3,RAYONES_ARANAZOS,1000.0,1000.0,1000000,0,False
2337,2072,3,RAYONES_ARANAZOS,1085.0104496064773,180.36714105143596,9744,0,True
2338,2073,3,RAYONES_ARANAZOS,142.33111584394464,595.1633138412649,4633,0,True
2339,2074,3,RAYONES_ARANAZOS,341.3107631073872,104.75262525161361,3313,0,True
2340,2075,3,RAYONES_ARANAZOS,19.999980926513672,24.00001573562622,297,0,True
2341,2076,3,RAYONES_ARANAZOS,700.0,700.0,490000,0,False
2342,2077,3,RAYONES_ARANAZOS,700.0,700.0,490000,0,False
2343,2078,3,RAYONES_ARANAZOS,38.63059392597438,195.6187983380238,1616,0,True
2344,2078,5,CONTAMINACION,291.4560704792234,193.33847261363667,9053,0,True
2345,2079,3,RAYONES_ARANAZOS,226.7971367799471,102.79658398730771,981,0,True
2346,2079,3,RAYONES_ARANAZOS,159.42485264953302,55.264525882956946,3826,0,True
2347,2080,3,RAYONES_ARANAZOS,195.68931945735608,335.65544682269,3965,0,True
2348,2081,3,RAYONES_ARANAZOS,1000.0,1000.0,1000000,0,False
2349,2082,3,RAYONES_ARANAZOS,1000.0,1000.0,1000000,0,False
2350,2083,3,RAYONES_ARANAZOS,700.0,700.0,490000,0,False
2351,2084,3,RAYONES_ARANAZOS,74.80960350671603,253.04666985498898,4287,0,True
2352,2085,3,RAYONES_ARANAZOS,151.99996948242188,72.99996596574783,3651,0,True
2353,2086,3,RAYONES_ARANAZOS,1000.0,1000.0,1000000,0,False
1646,1642,4,PERFORACIONES,37.0,40.0,1198,0,True
1647,1642,4,PERFORACIONES,39.0,42.0,1316,0,True
1648,1642,4,PERFORACIONES,39.0,41.0,1247,0,True
1649,1642,4,PERFORACIONES,36.0,41.0,1222,0,True
1650,1642,4,PERFORACIONES,40.0,38.0,1221,0,True
1656,1644,4,PERFORACIONES,21.0,21.0,357,0,True
1657,1644,4,PERFORACIONES,20.0,19.0,299,0,True
1658,1644,4,PERFORACIONES,20.0,19.0,316,0,True
1659,1644,4,PERFORACIONES,19.0,20.0,307,0,True
1660,1644,4,PERFORACIONES,25.0,22.0,437,0,True
1661,1645,4,PERFORACIONES,40.0,34.0,1135,0,True
1662,1645,4,PERFORACIONES,29.0,29.0,652,0,True
1663,1645,4,PERFORACIONES,30.0,32.0,758,0,True
1670,1648,4,PERFORACIONES,45.0,46.0,1638,0,True
1671,1648,4,PERFORACIONES,37.0,36.0,1100,0,True
1672,1648,4,PERFORACIONES,40.0,41.0,1372,0,True
1673,1648,4,PERFORACIONES,37.0,42.0,1279,0,True
1674,1648,4,PERFORACIONES,44.0,40.0,1356,0,True
1680,1650,4,PERFORACIONES,31.0,22.0,549,0,True
1681,1650,4,PERFORACIONES,26.0,27.0,550,0,True
1682,1650,4,PERFORACIONES,31.0,26.0,684,0,True
1683,1651,4,PERFORACIONES,26.0,27.0,559,0,True
1684,1651,4,PERFORACIONES,25.0,27.0,514,0,True
1685,1651,4,PERFORACIONES,25.0,26.0,495,0,True
1686,1651,4,PERFORACIONES,29.0,28.0,640,0,True
1687,1651,4,PERFORACIONES,27.0,27.0,585,0,True
1688,1651,4,PERFORACIONES,25.0,25.0,485,0,True
1692,1653,4,PERFORACIONES,24.0,25.0,489,0,True
1693,1653,4,PERFORACIONES,23.0,24.0,420,0,True
1694,1653,4,PERFORACIONES,28.0,28.0,664,0,True
1695,1654,4,PERFORACIONES,41.0,42.0,1388,0,True
1696,1654,4,PERFORACIONES,36.0,37.0,1040,0,True
1697,1654,4,PERFORACIONES,40.0,41.0,1320,0,True
1698,1654,4,PERFORACIONES,46.0,43.0,1579,0,True
1699,1654,4,PERFORACIONES,39.0,41.0,1264,0,True
1768,1670,4,PERFORACIONES,34.0,33.0,883,0,True
1769,1670,4,PERFORACIONES,32.0,32.0,852,0,True
1770,1670,4,PERFORACIONES,32.0,33.0,858,0,True
1771,1670,4,PERFORACIONES,62.0,60.0,2898,0,True
1772,1670,4,PERFORACIONES,34.0,34.0,929,0,True
1800,1677,4,PERFORACIONES,22.0,24.0,426,0,True
1801,1677,4,PERFORACIONES,20.0,20.0,318,0,True
1802,1677,4,PERFORACIONES,23.0,23.0,409,0,True
1803,1677,4,PERFORACIONES,23.0,23.0,426,0,True
1804,1677,4,PERFORACIONES,23.0,22.0,396,0,True
2100,1883,4,PERFORACIONES,15.0,17.0,224,0,True
2103,1886,4,PERFORACIONES,12.0,12.0,109,0,True
2105,1888,4,PERFORACIONES,79.0,86.0,5360,0,True
2106,1889,4,PERFORACIONES,21.0,20.0,355,0,True
2107,1890,4,PERFORACIONES,114.0,98.0,8886,0,True
2109,1892,4,PERFORACIONES,26.0,24.0,508,0,True
2111,1894,4,PERFORACIONES,37.0,37.0,1093,0,True
2112,1895,4,PERFORACIONES,15.0,15.0,189,0,True
2114,1897,4,PERFORACIONES,22.0,20.0,368,0,True
2117,1900,4,PERFORACIONES,29.0,24.0,570,0,True
2118,1901,4,PERFORACIONES,16.0,14.0,175,0,True
2119,1902,4,PERFORACIONES,79.0,87.0,5447,0,True
2120,1903,4,PERFORACIONES,17.0,15.0,213,0,True
2121,1904,4,PERFORACIONES,17.0,15.0,197,0,True
2122,1904,4,PERFORACIONES,26.0,24.0,529,0,True
2125,1907,4,PERFORACIONES,100.0,85.0,6703,0,True
2356,2089,4,PERFORACIONES,40.00010848045349,34.00001037120819,1135,0,True
2357,2089,4,PERFORACIONES,29.000123858451843,29.000067234039307,652,0,True
2358,2089,4,PERFORACIONES,29.999990940093994,31.99997639656067,758,0,True
2359,2090,4,PERFORACIONES,16.999935150146484,15.0,213,0,True
2365,2092,4,PERFORACIONES,23.604614304386814,25.461747943785838,426,0,True
2366,2092,4,PERFORACIONES,21.33314778821716,21.333221067514387,318,0,True
2367,2092,4,PERFORACIONES,24.533357999329382,24.533163288931064,409,0,True
2368,2092,4,PERFORACIONES,24.53321116349889,24.533216919576944,426,0,True
2369,2092,4,PERFORACIONES,24.464161445527225,23.535557335853127,396,0,True
2370,2093,4,PERFORACIONES,24.41992654280881,26.299786322090398,458,0,True
2371,2094,4,PERFORACIONES,24.000057220458984,23.999953508377075,480,0,True
2372,2094,4,PERFORACIONES,25.999960899353027,24.99999976158142,510,0,True
2373,2094,4,PERFORACIONES,23.999905586242676,24.99999976158142,456,0,True
2374,2094,4,PERFORACIONES,23.999905586242676,23.999953508377075,441,0,True
2375,2094,4,PERFORACIONES,24.000057220458984,24.000017762184143,466,0,True
2376,2095,4,PERFORACIONES,41.00013732910156,42.00008010864258,1388,0,True
2377,2095,4,PERFORACIONES,36.000022888183594,37.000099182128906,1040,0,True
2378,2095,4,PERFORACIONES,39.99998092651367,40.99996376037598,1320,0,True
2379,2095,4,PERFORACIONES,45.99998474121094,43.00001621246338,1579,0,True
2380,2095,4,PERFORACIONES,38.99995803833008,40.99996376037598,1264,0,True
2381,2096,4,PERFORACIONES,56.999985694885254,51.000008542090654,2340,0,True
2382,2097,4,PERFORACIONES,63.999996185302734,59.00001525878906,3035,0,True
2383,2097,4,PERFORACIONES,43.00004959106445,41.99998998641968,1472,0,True
2384,2097,4,PERFORACIONES,47.99996376037598,46.00000476837158,1724,0,True
2385,2097,4,PERFORACIONES,36.000022888183594,37.99997520446777,1104,0,True
2386,2097,4,PERFORACIONES,36.999995708465576,33.00011444091797,954,0,True
2387,2098,4,PERFORACIONES,27.614065151507702,23.933330669438305,472,0,True
2388,2099,4,PERFORACIONES,22.0,20.0,368,0,True
2389,2100,4,PERFORACIONES,47.76075052810961,48.69694556875788,1638,0,True
2390,2100,4,PERFORACIONES,39.15701165602468,38.22100421943662,1100,0,True
2391,2100,4,PERFORACIONES,42.4608611859212,43.39705354810553,1372,0,True
2392,2100,4,PERFORACIONES,39.52863030712342,44.209445137351395,1279,0,True
2393,2100,4,PERFORACIONES,46.391313533170205,42.646562498870026,1356,0,True
2396,2103,4,PERFORACIONES,36.999969840049744,40.00002008676529,1198,0,True
2397,2103,4,PERFORACIONES,39.00011157989502,42.00002360343933,1316,0,True
2398,2103,4,PERFORACIONES,38.99997556209564,41.00011396408081,1247,0,True
2399,2103,4,PERFORACIONES,35.999966979026794,40.999979972839355,1222,0,True
2400,2103,4,PERFORACIONES,39.99997842311859,37.999916076660156,1221,0,True
2401,2104,4,PERFORACIONES,29.0,24.0,570,0,True
2402,2105,4,PERFORACIONES,67.12461324523807,74.88520071521481,3661,0,True
2409,2108,4,PERFORACIONES,74.00008463859558,83.00000444054604,4830,0,True
2410,2109,4,PERFORACIONES,26.876621959380373,27.843096233475364,559,0,True
2411,2109,4,PERFORACIONES,25.877140464365198,27.81010413406898,514,0,True
2412,2109,4,PERFORACIONES,25.84414636214842,26.81056196477016,495,0,True
2413,2109,4,PERFORACIONES,29.90789098826599,28.94148062776935,640,0,True
2414,2109,4,PERFORACIONES,27.87610133163298,27.876024024693265,585,0,True
2415,2109,4,PERFORACIONES,25.811154382694212,25.811084103658914,485,0,True
2416,2110,4,PERFORACIONES,26.0,24.0,508,0,True
2419,2112,4,PERFORACIONES,216.62770285755136,246.30129198137104,40606,0,True
2420,2113,4,PERFORACIONES,114.00003665685654,98.00009959936142,8886,0,True
2421,2114,4,PERFORACIONES,27.545967890750262,30.37758436436843,621,0,True
2422,2115,4,PERFORACIONES,25.205072565020146,26.154536154377297,489,0,True
2423,2115,4,PERFORACIONES,24.15689930240478,25.106296795889193,420,0,True
2424,2115,4,PERFORACIONES,29.348375094477205,29.34841040597098,664,0,True
2425,2116,4,PERFORACIONES,31.000038862228394,22.0000901222229,549,0,True
2426,2116,4,PERFORACIONES,25.999980092048645,26.999985992908478,550,0,True
2427,2116,4,PERFORACIONES,30.999858021736145,25.999969005584717,684,0,True
2428,2117,4,PERFORACIONES,12.320094395871294,12.320094395871308,109,0,True
2430,2119,4,PERFORACIONES,39.20051183232897,39.200518811723725,1093,0,True
2431,2120,4,PERFORACIONES,20.999971389770508,20.0,355,0,True
2432,2121,4,PERFORACIONES,15.000062942504883,15.0,189,0,True
2433,2122,4,PERFORACIONES,100.25081536544599,85.2952113929368,6703,0,True
2434,2123,4,PERFORACIONES,79.00005608797073,87.00003165006638,5447,0,True
2435,2124,4,PERFORACIONES,79.00009661912918,86.00006520748138,5360,0,True
2437,2126,4,PERFORACIONES,12.963907928750643,14.816829792514454,131,0,True
2438,2127,4,PERFORACIONES,40.00010848045349,34.00001037120819,1135,0,True
2439,2127,4,PERFORACIONES,29.000123858451843,29.000067234039307,652,0,True
2440,2127,4,PERFORACIONES,29.999990940093994,31.99997639656067,758,0,True
2441,2128,4,PERFORACIONES,17.946482988964362,16.08192335950389,213,0,True
2442,2129,4,PERFORACIONES,21.93754290435936,21.937552109009403,357,0,True
2443,2129,4,PERFORACIONES,20.847306911150042,19.894045628467666,299,0,True
2444,2129,4,PERFORACIONES,20.8473069111501,19.894045628467666,316,0,True
2445,2129,4,PERFORACIONES,19.893995307930822,20.8472583377918,307,0,True
2446,2129,4,PERFORACIONES,25.979178342988234,23.119373102653583,437,0,True
2447,2130,4,PERFORACIONES,22.791997066721024,24.723843793542414,426,0,True
2448,2130,4,PERFORACIONES,20.659007103294243,20.659083330641238,318,0,True
2449,2130,4,PERFORACIONES,23.757947160101594,23.757891083488403,409,0,True
2450,2130,4,PERFORACIONES,23.757911426294328,23.75795403070299,426,0,True
2451,2130,4,PERFORACIONES,23.724433004867706,22.75847085129476,396,0,True
2452,2131,4,PERFORACIONES,23.0,25.0,458,0,True
2469,2136,4,PERFORACIONES,26.62863032047926,22.746511650997377,472,0,True
2470,2137,4,PERFORACIONES,22.0,20.0,368,0,True
2471,2138,4,PERFORACIONES,44.99999272823334,45.99999713897705,1638,0,True
2472,2138,4,PERFORACIONES,36.999969840049744,36.00002980232239,1100,0,True
2473,2138,4,PERFORACIONES,39.99997842311859,40.999979972839355,1372,0,True
2474,2138,4,PERFORACIONES,37.00003784894943,41.9999566078186,1279,0,True
2475,2138,4,PERFORACIONES,43.99998986721039,40.00000333786011,1356,0,True
2476,2139,4,PERFORACIONES,16.18040753276273,15.192587137949431,193,0,True
2477,2140,4,PERFORACIONES,115.77172463363036,93.87831983987826,7435,0,True
2478,2141,4,PERFORACIONES,40.22236642344842,42.96041255789331,1198,0,True
2479,2141,4,PERFORACIONES,42.383032134213636,45.12101418642669,1316,0,True
2480,2141,4,PERFORACIONES,42.299157331351125,44.12461716353391,1247,0,True
2481,2141,4,PERFORACIONES,39.30972733651436,43.873041954033624,1222,0,True
2482,2141,4,PERFORACIONES,43.04418114149098,41.21879072265915,1221,0,True
2483,2142,4,PERFORACIONES,30.28327805916941,25.56753619651272,570,0,True
2484,2143,4,PERFORACIONES,65.68081431270527,73.60554129131646,3661,0,True
2485,2144,4,PERFORACIONES,34.6597790231109,33.680204281272154,883,0,True
2486,2144,4,PERFORACIONES,32.64007076193468,32.64000536714309,852,0,True
2487,2144,4,PERFORACIONES,32.660274999225635,33.63979742523088,858,0,True
2488,2144,4,PERFORACIONES,63.19955357652043,61.24043025075957,2898,0,True
2489,2144,4,PERFORACIONES,34.67998326040163,34.67999633936006,929,0,True
2491,2146,4,PERFORACIONES,74.00008463859558,83.00000444054604,4830,0,True
2492,2147,4,PERFORACIONES,26.356244641073545,27.342887830212135,559,0,True
2493,2147,4,PERFORACIONES,25.35630694116287,27.329608756517928,514,0,True
2494,2147,4,PERFORACIONES,25.343027061352473,26.32961035462904,495,0,True
2495,2147,4,PERFORACIONES,29.36917052351737,28.382592581761173,640,0,True
2496,2147,4,PERFORACIONES,27.356181486587957,27.356102566365166,585,0,True
2497,2147,4,PERFORACIONES,25.32974803593811,25.329676290280986,485,0,True
2501,2150,4,PERFORACIONES,234.2623616586834,261.5609707991774,40606,0,True
2502,2151,4,PERFORACIONES,113.99992883205414,98.00009959936142,8886,0,True
2503,2152,4,PERFORACIONES,25.999943733215332,29.0,621,0,True
2504,2153,4,PERFORACIONES,25.130011205014966,26.082772640357007,489,0,True
2505,2153,4,PERFORACIONES,24.084834629072247,25.03752973896553,420,0,True
2506,2153,4,PERFORACIONES,29.264474976748716,29.26451041089274,664,0,True
2510,2155,4,PERFORACIONES,12.50223292984974,12.502232929849754,109,0,True
2511,2156,4,PERFORACIONES,46.54917976017449,51.151660963356335,1619,0,True
2512,2157,4,PERFORACIONES,39.855828574724,39.85593395965557,1093,0,True
2514,2159,4,PERFORACIONES,15.646851897174884,15.646791791129772,189,0,True
2518,2163,4,PERFORACIONES,15.638370247336066,17.560520771412655,224,0,True
2519,2164,4,PERFORACIONES,11.99996280670166,14.0,131,0,True
2520,2165,4,PERFORACIONES,41.60924432122897,35.90873061052184,1135,0,True
2521,2165,4,PERFORACIONES,30.37869085454497,30.37872296343926,652,0,True
2522,2165,4,PERFORACIONES,31.523650467415564,33.423794713309576,758,0,True
2524,2167,4,PERFORACIONES,21.786909487054572,21.786918767037832,357,0,True
2525,2167,4,PERFORACIONES,20.71137095263566,19.750271654836524,299,0,True
2526,2167,4,PERFORACIONES,20.71137095263566,19.750271654836524,316,0,True
2527,2167,4,PERFORACIONES,19.75029554191042,20.71128794804872,307,0,True
2528,2167,4,PERFORACIONES,25.822239094246243,22.939100722044827,437,0,True
2529,2168,4,PERFORACIONES,22.11254545098609,24.103124286136108,426,0,True
2530,2168,4,PERFORACIONES,20.093714590424497,20.09379313523982,318,0,True
2531,2168,4,PERFORACIONES,23.107862486752538,23.107804705295166,409,0,True
2532,2168,4,PERFORACIONES,23.107824880573958,23.107868780243848,426,0,True
2533,2168,4,PERFORACIONES,23.10316313514909,22.10783374811035,396,0,True
2534,2169,4,PERFORACIONES,23.123612601041714,25.1136764375255,458,0,True
2535,2170,4,PERFORACIONES,24.91382652568086,24.91372691872766,480,0,True
2536,2170,4,PERFORACIONES,26.951051784549236,25.99067107987537,510,0,True
2537,2170,4,PERFORACIONES,24.95250468642689,25.913013162778725,456,0,True
2538,2170,4,PERFORACIONES,24.913675005809978,24.913721031091654,441,0,True
2539,2170,4,PERFORACIONES,24.913829020520552,24.91379112408174,466,0,True
2545,2172,4,PERFORACIONES,58.896126024129444,53.128393404442164,2340,0,True
2546,2173,4,PERFORACIONES,65.16012925037057,60.26052378455677,3035,0,True
2547,2173,4,PERFORACIONES,43.8264122697193,42.84642903036848,1472,0,True
2548,2173,4,PERFORACIONES,48.904915959432174,46.94504106458669,1724,0,True
2549,2173,4,PERFORACIONES,36.748257970301665,38.70806090640326,1104,0,True
2550,2173,4,PERFORACIONES,37.64869809328093,33.72906605426169,954,0,True
2553,2176,4,PERFORACIONES,44.99999272823334,45.99999713897705,1638,0,True
2554,2176,4,PERFORACIONES,36.999969840049744,36.00002980232239,1100,0,True
2555,2176,4,PERFORACIONES,39.99997842311859,40.999979972839355,1372,0,True
2556,2176,4,PERFORACIONES,37.00003784894943,41.9999566078186,1279,0,True
2557,2176,4,PERFORACIONES,43.99998986721039,40.00000333786011,1356,0,True
2559,2178,4,PERFORACIONES,113.04882300550548,90.25826812358991,7435,0,True
2565,2180,4,PERFORACIONES,29.51478014898254,24.62463432616039,570,0,True
2566,2181,4,PERFORACIONES,65.0,73.0,3661,0,True
2567,2182,4,PERFORACIONES,33.999977111816406,32.9999942779541,883,0,True
2568,2182,4,PERFORACIONES,32.000064849853516,31.999998092651367,852,0,True
2569,2182,4,PERFORACIONES,32.000064849853516,32.9999942779541,858,0,True
2570,2182,4,PERFORACIONES,61.99995040893555,60.0000114440918,2898,0,True
2571,2182,4,PERFORACIONES,33.999977111816406,33.999990463256836,929,0,True
2572,2183,4,PERFORACIONES,16.0,14.0,175,0,True
2574,2185,4,PERFORACIONES,26.723741682685386,27.696222661458705,559,0,True
2575,2185,4,PERFORACIONES,25.724084726274555,27.669061899316148,514,0,True
2576,2185,4,PERFORACIONES,25.696922315317238,26.669344257969442,495,0,True
2577,2185,4,PERFORACIONES,29.749706125872308,28.77728945792569,640,0,True
2578,2185,4,PERFORACIONES,27.723396891530683,27.723319104123675,585,0,True
2579,2185,4,PERFORACIONES,25.669761651925455,25.66969093610078,485,0,True
2580,2186,4,PERFORACIONES,26.364073576371567,24.39490053272425,508,0,True
2581,2187,4,PERFORACIONES,17.62572194055997,15.712962928513491,197,0,True
2582,2187,4,PERFORACIONES,27.002211882733036,25.08944466234766,529,0,True
2583,2188,4,PERFORACIONES,220.66534252616714,249.82426437733034,40606,0,True
2584,2189,4,PERFORACIONES,114.00003665685654,98.00009959936142,8886,0,True
2586,2191,4,PERFORACIONES,24.29510515799575,25.283222285855572,489,0,True
2587,2191,4,PERFORACIONES,23.283287689754616,24.27133603091761,420,0,True
2588,2191,4,PERFORACIONES,28.33049780348574,28.330534552542645,664,0,True
2589,2192,4,PERFORACIONES,31.000038862228394,22.0000901222229,549,0,True
2590,2192,4,PERFORACIONES,25.999980092048645,26.999985992908478,550,0,True
2591,2192,4,PERFORACIONES,30.999858021736145,25.999969005584717,684,0,True
2592,2193,4,PERFORACIONES,12.507414887256743,12.507414887256772,109,0,True
2595,2196,4,PERFORACIONES,20.999971389770508,20.0,355,0,True
2598,2199,4,PERFORACIONES,79.00005608797073,87.00003165006638,5447,0,True
2599,2200,4,PERFORACIONES,86.10710318466181,92.478873233547,5360,0,True
2600,2201,4,PERFORACIONES,15.323244482254495,15.728654619116469,224,0,True
1852,1689,5,CONTAMINACION,12.0,31.0,228,0,True
1859,1695,5,CONTAMINACION,124.0,59.0,3054,0,True
1860,1696,5,CONTAMINACION,125.0,263.0,18314,0,True
1861,1697,5,CONTAMINACION,143.0,249.0,10956,0,True
1862,1697,5,CONTAMINACION,57.0,42.0,1821,0,True
1866,1701,5,CONTAMINACION,903.0,958.0,726263,0,True
1867,1702,5,CONTAMINACION,143.0,70.0,5056,0,True
1873,1707,5,CONTAMINACION,20.0,9.0,104,0,True
1874,1708,5,CONTAMINACION,13.0,15.0,113,0,True
1875,1708,5,CONTAMINACION,134.0,111.0,302,0,True
1876,1708,5,CONTAMINACION,33.0,22.0,175,0,True
1879,1711,5,CONTAMINACION,218.0,124.0,18874,0,True
1880,1711,5,CONTAMINACION,218.0,326.0,22647,0,True
1881,1711,5,CONTAMINACION,24.0,102.0,1761,0,True
1882,1712,5,CONTAMINACION,288.0,284.0,50667,0,True
1883,1713,5,CONTAMINACION,471.0,332.0,7458,0,True
1888,1717,5,CONTAMINACION,835.0,519.0,174127,0,True
1889,1718,5,CONTAMINACION,24.0,13.0,83,0,True
1890,1719,5,CONTAMINACION,721.0,962.0,263355,0,True
1893,1722,5,CONTAMINACION,23.0,23.0,151,0,True
1895,1724,5,CONTAMINACION,772.0,198.0,50986,0,True
1905,1731,5,CONTAMINACION,1375.0,274.0,233408,0,True
1910,1735,5,CONTAMINACION,492.0,34.0,1158,0,True
1911,1736,5,CONTAMINACION,430.0,152.0,44583,0,True
1912,1736,5,CONTAMINACION,58.0,35.0,1221,0,True
1915,1739,5,CONTAMINACION,1359.0,353.0,166139,0,True
1918,1742,5,CONTAMINACION,1417.0,346.0,419872,0,True
1919,1743,5,CONTAMINACION,9.0,80.0,564,0,True
1920,1743,5,CONTAMINACION,12.0,121.0,891,0,True
1922,1745,5,CONTAMINACION,329.0,390.0,97043,0,True
1926,1748,5,CONTAMINACION,1443.0,535.0,440679,0,True
1929,1751,5,CONTAMINACION,351.0,286.0,40614,0,True
1934,1756,5,CONTAMINACION,183.0,199.0,30157,0,True
1936,1758,5,CONTAMINACION,16.0,22.0,80,0,True
1940,1762,5,CONTAMINACION,316.0,430.0,54865,0,True
1947,1768,5,CONTAMINACION,84.0,114.0,2706,0,True
1948,1768,5,CONTAMINACION,24.0,11.0,171,0,True
1949,1769,5,CONTAMINACION,292.0,389.0,38283,0,True
1951,1771,5,CONTAMINACION,1074.0,253.0,188421,0,True
1954,1774,5,CONTAMINACION,1091.0,666.0,447224,0,True
1956,1776,5,CONTAMINACION,2085.0,238.0,212961,0,True
1959,1778,5,CONTAMINACION,11.0,79.0,337,0,True
1960,1779,5,CONTAMINACION,1124.0,384.0,251587,0,True
1961,1779,3,RAYONES_ARANAZOS,15.0,76.0,796,0,True
1962,1779,5,CONTAMINACION,867.0,78.0,12383,0,True
1963,1779,5,CONTAMINACION,222.0,36.0,800,0,True
1965,1781,5,CONTAMINACION,262.0,547.0,95783,0,True
2601,2202,5,CONTAMINACION,195.62425219438046,210.5435205620987,30157,0,True
2602,2203,5,CONTAMINACION,292.00000762939453,389.0000503063202,38283,0,True
2604,2205,5,CONTAMINACION,492.0000457763672,33.999977111816406,1158,0,True
2605,2206,5,CONTAMINACION,1126.9148940821765,726.627664302443,447224,0,True
2608,2209,5,CONTAMINACION,1382.7046822987352,459.6106391983162,166139,0,True
2609,2210,5,CONTAMINACION,142.47872946892562,270.8423918972529,18314,0,True
2610,2211,5,CONTAMINACION,122.19143222881638,119.27632143138817,2418,0,True
2611,2212,5,CONTAMINACION,295.0965712426546,562.0568824643498,95783,0,True
2619,2217,5,CONTAMINACION,1463.5159121753848,593.0984648484526,440679,0,True
2620,2218,5,CONTAMINACION,48.03532880658531,379.64798670879884,1960,0,True
2622,2220,5,CONTAMINACION,15.999984741210938,21.999969482421875,80,0,True
2623,2221,5,CONTAMINACION,143.74576837725476,71.53660408089536,5056,0,True
2624,2222,5,CONTAMINACION,11.00006103515625,79.00001525878906,337,0,True
2625,2223,5,CONTAMINACION,172.68321896051634,194.91530151710253,6491,0,True
2626,2223,5,CONTAMINACION,65.45637572394253,180.32179448925922,2743,0,True
2627,2224,5,CONTAMINACION,76.99999809265137,8.999996185302734,507,0,True
2628,2225,5,CONTAMINACION,316.00001335144043,430.000036239624,54865,0,True
2629,2226,5,CONTAMINACION,36.855049612842265,55.555834133932876,513,0,True
2632,2228,5,CONTAMINACION,8.999977111816406,80.0,564,0,True
2633,2228,5,CONTAMINACION,12.000045776367188,120.99998474121094,891,0,True
2634,2229,5,CONTAMINACION,237.0000457763672,330.00001162290573,43998,0,True
2637,2231,3,RAYONES_ARANAZOS,34.99969482421875,194.9999640583992,1616,0,True
2638,2231,5,CONTAMINACION,287.9999542236328,187.99995946884155,9053,0,True
2640,2233,5,CONTAMINACION,11.999995708465576,30.999984741210938,228,0,True
2641,2234,5,CONTAMINACION,13.238178777566418,15.205968586469226,113,0,True
2642,2234,5,CONTAMINACION,135.7574472969527,113.12813824528575,302,0,True
2643,2234,5,CONTAMINACION,33.347512551976706,22.5247006226964,175,0,True
2644,2235,5,CONTAMINACION,471.0000228881836,332.0000457763672,7458,0,True
2645,2236,5,CONTAMINACION,865.9358610770271,570.3978245626906,174127,0,True
2646,2237,5,CONTAMINACION,523.0000305175781,783.9999407529831,181040,0,True
2647,2237,5,CONTAMINACION,773.9998626708984,150.9999761581421,57280,0,True
2648,2238,5,CONTAMINACION,24.325501164807292,13.61105179746437,83,0,True
2653,2240,5,CONTAMINACION,1374.9999618530273,273.99997490644455,233408,0,True
2654,2241,5,CONTAMINACION,1074.0000915527344,252.9999611377716,188421,0,True
2655,2242,5,CONTAMINACION,91.93264823712184,170.4428222585849,3354,0,True
2658,2245,5,CONTAMINACION,965.6117838977402,993.1019722261495,726263,0,True
2659,2246,5,CONTAMINACION,2085.000228881836,238.0000741481781,212961,0,True
2660,2247,5,CONTAMINACION,20.096673921583488,9.216854978601305,104,0,True
2661,2248,5,CONTAMINACION,182.9999542236328,199.00001525878906,30157,0,True
2663,2250,5,CONTAMINACION,1418.5292377276514,352.31753749903936,419872,0,True
2664,2251,5,CONTAMINACION,492.0000457763672,33.999977111816406,1158,0,True
2665,2252,5,CONTAMINACION,1090.9999465942383,665.9999847412109,447224,0,True
2666,2253,5,CONTAMINACION,22.99999237060547,23.000030517578125,151,0,True
2667,2254,5,CONTAMINACION,794.9804049798311,949.9605909984081,263355,0,True
2671,2258,5,CONTAMINACION,293.9169522910047,561.5484202082835,95783,0,True
2674,2261,5,CONTAMINACION,217.9998779296875,123.99991750717163,18874,0,True
2675,2261,5,CONTAMINACION,217.9998779296875,326.0000499486923,22647,0,True
2676,2261,5,CONTAMINACION,23.999862670898438,101.99998497962952,1761,0,True
2681,2265,5,CONTAMINACION,328.99998664855957,390.0000100135803,97043,0,True
2682,2266,5,CONTAMINACION,15.999984741210938,21.999969482421875,80,0,True
2683,2267,5,CONTAMINACION,147.77468041620136,80.35932996740235,5056,0,True
2685,2269,5,CONTAMINACION,159.99984741210938,183.99995684623718,6491,0,True
2686,2269,5,CONTAMINACION,52.9998779296875,177.00007510185242,2743,0,True
2687,2270,5,CONTAMINACION,76.99996948242188,8.999996185302734,507,0,True
2688,2271,5,CONTAMINACION,332.64138630168327,442.0769894687635,54865,0,True
2689,2272,5,CONTAMINACION,35.9999942779541,55.0,513,0,True
2692,2274,5,CONTAMINACION,8.999977111816406,80.0,564,0,True
2693,2274,5,CONTAMINACION,12.000045776367188,120.99998474121094,891,0,True
